{
  "accuracy": 0.8100558659217877,
  "precision": 0.7966101694915254,
  "recall": 0.6811594202898551,
  "f1": 0.734375,
  "roc_auc": 0.8544137022397892
}