{
  "accuracy": 0.8547486033519553,
  "precision": 0.8524590163934426,
  "recall": 0.7536231884057971,
  "f1": 0.8,
  "roc_auc": 0.8774703557312254
}